Workbook

Sheet Work
A1: Issue Key | B1: Summary | C1: Type | D1: Status | E1: Assignee | F1: Size | G1: % 08-18 | H1: EV 08-18 | I1: % 08-11 | J1: EV 08-11 | K1: % 08-04 | L1: EV 08-04 | M1: % 07-28 | N1: EV 07-28 | O1: % 07-21 | P1: EV 07-21 | Q1: % 07-14 | R1: EV 07-14 | S1: % 07-07 | T1: EV 07-07 | U1: % 06-30 | V1: EV 06-30
A2: TICKET-1234 | B2: Work stuff | C2: Task | D2: Done | E2: Alice | F2: 1 | G2: 1 | H2: ==IF(G2=0, "", G2 * HLOOKUP("Size", 1:2, 2, 0)) | I2: 1 | J2: ==IF(I2=0, "", I2 * HLOOKUP("Size", 1:2, 2, 0)) | K2: 0.95 | L2: ==IF(K2=0, "", K2 * HLOOKUP("Size", 1:2, 2, 0)) | M2: 0.85 | N2: ==IF(M2=0, "", M2 * HLOOKUP("Size", 1:2, 2, 0)) | O2: 0.75 | P2: ==IF(O2=0, "", O2 * HLOOKUP("Size", 1:2, 2, 0)) | Q2: 0.65 | R2: ==IF(Q2=0, "", Q2 * HLOOKUP("Size", 1:2, 2, 0)) | S2: 0.5 | T2: ==IF(S2=0, "", S2 * HLOOKUP("Size", 1:2, 2, 0)) | U2: 0.2 | V2: ==IF(U2=0, "", U2 * HLOOKUP("Size", 1:2, 2, 0))
A3: TICKET-1235 | B3: More work stuff | C3: Bug | D3: Done | E3: Bob | F3: 2 | G3: 1 | H3: ==IF(G3=0, "", G3 * HLOOKUP("Size", 1:3, 3, 0)) | I3: 1 | J3: ==IF(I3=0, "", I3 * HLOOKUP("Size", 1:3, 3, 0)) | K3: 1 | L3: ==IF(K3=0, "", K3 * HLOOKUP("Size", 1:3, 3, 0)) | M3: 1 | N3: ==IF(M3=0, "", M3 * HLOOKUP("Size", 1:3, 3, 0)) | O3: 1 | P3: ==IF(O3=0, "", O3 * HLOOKUP("Size", 1:3, 3, 0)) | Q3: 1 | R3: ==IF(Q3=0, "", Q3 * HLOOKUP("Size", 1:3, 3, 0)) | S3: 1 | T3: ==IF(S3=0, "", S3 * HLOOKUP("Size", 1:3, 3, 0)) | V3: ==IF(U3=0, "", U3 * HLOOKUP("Size", 1:3, 3, 0))
A4: TICKET-1236 | B4: Big work stuff | C4: Story | D4: In Progress | E4: Carol | F4: 3 | G4: 0.6 | H4: ==IF(G4=0, "", G4 * HLOOKUP("Size", 1:4, 4, 0)) | I4: 0.6 | J4: ==IF(I4=0, "", I4 * HLOOKUP("Size", 1:4, 4, 0)) | K4: 0.5 | L4: ==IF(K4=0, "", K4 * HLOOKUP("Size", 1:4, 4, 0)) | M4: 0.4 | N4: ==IF(M4=0, "", M4 * HLOOKUP("Size", 1:4, 4, 0)) | O4: 0.3 | P4: ==IF(O4=0, "", O4 * HLOOKUP("Size", 1:4, 4, 0)) | Q4: 0.2 | R4: ==IF(Q4=0, "", Q4 * HLOOKUP("Size", 1:4, 4, 0)) | S4: 0.1 | T4: ==IF(S4=0, "", S4 * HLOOKUP("Size", 1:4, 4, 0)) | V4: ==IF(U4=0, "", U4 * HLOOKUP("Size", 1:4, 4, 0))
A5: TICKET-1237 | B5: Tall work stuff | C5: Story | D5: In Progress | E5: Bob | F5: 5 | G5: 0.62 | H5: ==IF(G5=0, "", G5 * HLOOKUP("Size", 1:5, 5, 0)) | I5: 0.62 | J5: ==IF(I5=0, "", I5 * HLOOKUP("Size", 1:5, 5, 0)) | K5: 0.52 | L5: ==IF(K5=0, "", K5 * HLOOKUP("Size", 1:5, 5, 0)) | M5: 0.42 | N5: ==IF(M5=0, "", M5 * HLOOKUP("Size", 1:5, 5, 0)) | O5: 0.3 | P5: ==IF(O5=0, "", O5 * HLOOKUP("Size", 1:5, 5, 0)) | Q5: 0.2 | R5: ==IF(Q5=0, "", Q5 * HLOOKUP("Size", 1:5, 5, 0)) | S5: 0.1 | T5: ==IF(S5=0, "", S5 * HLOOKUP("Size", 1:5, 5, 0)) | V5: ==IF(U5=0, "", U5 * HLOOKUP("Size", 1:5, 5, 0))
A6: TICKET-1238 | B6: Short work stuff | C6: Task | D6: In Progress | E6: Alice | F6: 8 | G6: 0.35 | H6: ==IF(G6=0, "", G6 * HLOOKUP("Size", 1:6, 6, 0)) | I6: 0.35 | J6: ==IF(I6=0, "", I6 * HLOOKUP("Size", 1:6, 6, 0)) | K6: 0.28 | L6: ==IF(K6=0, "", K6 * HLOOKUP("Size", 1:6, 6, 0)) | M6: 0.22 | N6: ==IF(M6=0, "", M6 * HLOOKUP("Size", 1:6, 6, 0)) | O6: 0.16 | P6: ==IF(O6=0, "", O6 * HLOOKUP("Size", 1:6, 6, 0)) | Q6: 0.1 | R6: ==IF(Q6=0, "", Q6 * HLOOKUP("Size", 1:6, 6, 0)) | S6: 0.05 | T6: ==IF(S6=0, "", S6 * HLOOKUP("Size", 1:6, 6, 0)) | V6: ==IF(U6=0, "", U6 * HLOOKUP("Size", 1:6, 6, 0))
A7: TICKET-1239 | B7: A big block of work stuff | C7: Epic | D7: To Do | E7: Dana | F7: 13 | H7: ==IF(G7=0, "", G7 * HLOOKUP("Size", 1:7, 7, 0)) | J7: ==IF(I7=0, "", I7 * HLOOKUP("Size", 1:7, 7, 0)) | L7: ==IF(K7=0, "", K7 * HLOOKUP("Size", 1:7, 7, 0)) | N7: ==IF(M7=0, "", M7 * HLOOKUP("Size", 1:7, 7, 0)) | P7: ==IF(O7=0, "", O7 * HLOOKUP("Size", 1:7, 7, 0)) | R7: ==IF(Q7=0, "", Q7 * HLOOKUP("Size", 1:7, 7, 0)) | T7: ==IF(S7=0, "", S7 * HLOOKUP("Size", 1:7, 7, 0)) | V7: ==IF(U7=0, "", U7 * HLOOKUP("Size", 1:7, 7, 0))

Sheet Projections
A1: Date | B1: Completed | C1: Remaining | D1: Velocity | E1: Avg (3w) | F1: StdDev (3w) | G1: Fast (p90) | H1: Mean | I1: Slow (p90) | J1: V. Fast (p90) | K1: V. Slow (p90)
A2: 2026-06-30 | B2: ==SUM(INDEX(Work!$2:$10000, , MATCH("EV "&TEXT(A2,"mm-dd"), Work!$1:$1, 0))) | C2: ==SUM(INDEX(Work!$2:$10000, , MATCH("Size", Work!$1:$1, 0)))-B2
A3: 2026-07-07 | B3: ==SUM(INDEX(Work!$2:$10000, , MATCH("EV "&TEXT(A3,"mm-dd"), Work!$1:$1, 0))) | C3: ==SUM(INDEX(Work!$2:$10000, , MATCH("Size", Work!$1:$1, 0)))-B3 | D3: ==B3-B2
A4: 2026-07-14 | B4: ==SUM(INDEX(Work!$2:$10000, , MATCH("EV "&TEXT(A4,"mm-dd"), Work!$1:$1, 0))) | C4: ==SUM(INDEX(Work!$2:$10000, , MATCH("Size", Work!$1:$1, 0)))-B4 | D4: ==B4-B3 | E4: ==AVERAGE(OFFSET(D4, -1 * (MIN(COUNT(D$3:D4),3) -1), 0, MIN(COUNT(D$3:D4),3), 1))
A5: 2026-07-21 | B5: ==SUM(INDEX(Work!$2:$10000, , MATCH("EV "&TEXT(A5,"mm-dd"), Work!$1:$1, 0))) | C5: ==SUM(INDEX(Work!$2:$10000, , MATCH("Size", Work!$1:$1, 0)))-B5 | D5: ==B5-B4 | E5: ==AVERAGE(OFFSET(D5, -1 * (MIN(COUNT(D$3:D5),3) -1), 0, MIN(COUNT(D$3:D5),3), 1)) | F5: ==STDEV(OFFSET(D5, -1 * (MIN(COUNT(D$3:D5),3) -1), 0, MIN(COUNT(D$3:D5),3), 1)) | G5: ==WORKDAY(A5, CEILING((C5/J5)*5, 1)) | H5: ==WORKDAY(A5, CEILING((C5/E5)*5, 1)) | I5: ==IF(K5<=0,"unknown",WORKDAY(A5,CEILING((C5/K5)*5,1))) | J5: ==E5+_xlfn.CONFIDENCE.T(0.1,F5,MIN(3,COUNT(D$3:D5))) | K5: ==E5-_xlfn.CONFIDENCE.T(0.1,F5,MIN(3,COUNT(D$3:D5)))
A6: 2026-07-28 | B6: ==SUM(INDEX(Work!$2:$10000, , MATCH("EV "&TEXT(A6,"mm-dd"), Work!$1:$1, 0))) | C6: ==SUM(INDEX(Work!$2:$10000, , MATCH("Size", Work!$1:$1, 0)))-B6 | D6: ==B6-B5 | E6: ==AVERAGE(OFFSET(D6, -1 * (MIN(COUNT(D$3:D6),3) -1), 0, MIN(COUNT(D$3:D6),3), 1)) | F6: ==STDEV(OFFSET(D6, -1 * (MIN(COUNT(D$3:D6),3) -1), 0, MIN(COUNT(D$3:D6),3), 1)) | G6: ==WORKDAY(A6, CEILING((C6/J6)*5, 1)) | H6: ==WORKDAY(A6, CEILING((C6/E6)*5, 1)) | I6: ==IF(K6<=0,"unknown",WORKDAY(A6,CEILING((C6/K6)*5,1))) | J6: ==E6+_xlfn.CONFIDENCE.T(0.1,F6,MIN(3,COUNT(D$3:D6))) | K6: ==E6-_xlfn.CONFIDENCE.T(0.1,F6,MIN(3,COUNT(D$3:D6)))
A7: 2026-08-04 | B7: ==SUM(INDEX(Work!$2:$10000, , MATCH("EV "&TEXT(A7,"mm-dd"), Work!$1:$1, 0))) | C7: ==SUM(INDEX(Work!$2:$10000, , MATCH("Size", Work!$1:$1, 0)))-B7 | D7: ==B7-B6 | E7: ==AVERAGE(OFFSET(D7, -1 * (MIN(COUNT(D$3:D7),3) -1), 0, MIN(COUNT(D$3:D7),3), 1)) | F7: ==STDEV(OFFSET(D7, -1 * (MIN(COUNT(D$3:D7),3) -1), 0, MIN(COUNT(D$3:D7),3), 1)) | G7: ==WORKDAY(A7, CEILING((C7/J7)*5, 1)) | H7: ==WORKDAY(A7, CEILING((C7/E7)*5, 1)) | I7: ==IF(K7<=0,"unknown",WORKDAY(A7,CEILING((C7/K7)*5,1))) | J7: ==E7+_xlfn.CONFIDENCE.T(0.1,F7,MIN(3,COUNT(D$3:D7))) | K7: ==E7-_xlfn.CONFIDENCE.T(0.1,F7,MIN(3,COUNT(D$3:D7)))
A8: 2026-08-11 | B8: ==SUM(INDEX(Work!$2:$10000, , MATCH("EV "&TEXT(A8,"mm-dd"), Work!$1:$1, 0))) | C8: ==SUM(INDEX(Work!$2:$10000, , MATCH("Size", Work!$1:$1, 0)))-B8 | D8: ==B8-B7 | E8: ==AVERAGE(OFFSET(D8, -1 * (MIN(COUNT(D$3:D8),3) -1), 0, MIN(COUNT(D$3:D8),3), 1)) | F8: ==STDEV(OFFSET(D8, -1 * (MIN(COUNT(D$3:D8),3) -1), 0, MIN(COUNT(D$3:D8),3), 1)) | G8: ==WORKDAY(A8, CEILING((C8/J8)*5, 1)) | H8: ==WORKDAY(A8, CEILING((C8/E8)*5, 1)) | I8: ==IF(K8<=0,"unknown",WORKDAY(A8,CEILING((C8/K8)*5,1))) | J8: ==E8+_xlfn.CONFIDENCE.T(0.1,F8,MIN(3,COUNT(D$3:D8))) | K8: ==E8-_xlfn.CONFIDENCE.T(0.1,F8,MIN(3,COUNT(D$3:D8)))
A9: 2026-08-18 | B9: ==SUM(INDEX(Work!$2:$10000, , MATCH("EV "&TEXT(A9,"mm-dd"), Work!$1:$1, 0))) | C9: ==SUM(INDEX(Work!$2:$10000, , MATCH("Size", Work!$1:$1, 0)))-B9 | D9: ==B9-B8 | E9: ==AVERAGE(OFFSET(D9, -1 * (MIN(COUNT(D$3:D9),3) -1), 0, MIN(COUNT(D$3:D9),3), 1)) | F9: ==STDEV(OFFSET(D9, -1 * (MIN(COUNT(D$3:D9),3) -1), 0, MIN(COUNT(D$3:D9),3), 1)) | G9: ==WORKDAY(A9, CEILING((C9/J9)*5, 1)) | H9: ==WORKDAY(A9, CEILING((C9/E9)*5, 1)) | I9: ==IF(K9<=0,"unknown",WORKDAY(A9,CEILING((C9/K9)*5,1))) | J9: ==E9+_xlfn.CONFIDENCE.T(0.1,F9,MIN(3,COUNT(D$3:D9))) | K9: ==E9-_xlfn.CONFIDENCE.T(0.1,F9,MIN(3,COUNT(D$3:D9)))
